{"cameraMode":{"drawMode":2,"name":"Shaded Wireframe","section":"Shading Mode"},"sceneLighting":true,"audioPlay":false,"sceneViewState":{"showFog":true,"showMaterialUpdate":false,"showSkybox":true,"showFlares":true,"showImageEffects":true,"showParticleSystems":true},"in2DMode":false,"pivot":{"x":-0.8057905435562134,"y":-4.771365642547607,"z":-17.36948585510254},"rotation":{"x":0.0023590088821947576,"y":-0.9905246496200562,"z":0.13636521995067597,"w":0.017260676249861718},"size":22.0,"orthographic":false}