{"cameraMode":{"drawMode":2,"name":"Shaded Wireframe","section":"Shading Mode"},"sceneLighting":true,"audioPlay":false,"sceneViewState":{"showFog":true,"showMaterialUpdate":false,"showSkybox":true,"showFlares":true,"showImageEffects":true,"showParticleSystems":true},"in2DMode":false,"pivot":{"x":3.3831396102905275,"y":-0.2639925181865692,"z":-15.58458423614502},"rotation":{"x":-0.004388787783682346,"y":-0.9951752424240112,"z":0.052603065967559817,"w":-0.08286774903535843},"size":22.0,"orthographic":false}