{"cameraMode":{"drawMode":2,"name":"Shaded Wireframe","section":"Shading Mode"},"sceneLighting":true,"audioPlay":false,"sceneViewState":{"showFog":true,"showMaterialUpdate":false,"showSkybox":true,"showFlares":true,"showImageEffects":true,"showParticleSystems":true},"in2DMode":false,"pivot":{"x":0.8081632256507874,"y":0.4716990292072296,"z":0.42587804794311526},"rotation":{"x":0.11996077001094818,"y":0.03189108520746231,"z":-0.003833986585959792,"w":0.9922813773155212},"size":2.0960853099823,"orthographic":false}